County,2008_Tot_O_D,2008_Euth_D,2008_DL_D,2008_T_D,2008_RH_D,2008_RTO_D,2008_Ad_D,2008_Tot_O_C,2008_Euth_C,2008_DL_C,2008_T_C,2008_RTO_C,2008_RH_C,2008_Ad_C,2009_Tot_O_D,2009_Euth_D,2009_DL_D,2009_T_D,2009_RH_D,2009_RTO_D,2009_Ad_D,2009_Tot_O_C,2009_Euth_C,2009_DL_C,2009_T_C,2009_RTO_C,2009_RH_C,2009_Ad_C,2010_Tot_O_D,2010_Euth_D,2010_DL_D,2010_T_D,2010_RH_D,2010_RTO_D,2010_Ad_D,2010_Tot_O_C,2010_Euth_C,2010_DL_C,2010_T_C,2010_RTO_C,2010_RH_C,2010_Ad_C,2011_Tot_O_D,2011_Euth_D,2011_DL_D,2011_T_D,2011_RH_D,2011_RTO_D,2011_Ad_D,2011_Tot_O_C,2011_Euth_C,2011_DL_C,2011_T_C,2011_RTO_C,2011_RH_C,2011_Ad_C,2012_Tot_O_D,2012_Euth_D,2012_DL_D,2012_T_D,2012_RH_D,2012_RTO_D,2012_Ad_D,2012_Tot_O_C,2012_Euth_C,2012_DL_C,2012_T_C,2012_RTO_C,2012_RH_C,2012_Ad_C,2013_Tot_O_D,2013_Euth_D,2013_DL_D,2013_T_D,2013_RH_D,2013_RTO_D,2013_Ad_D,2013_Tot_O_C,2013_Euth_C,2013_DL_C,2013_T_C,2013_RTO_C,2013_RH_C,2013_Ad_C,2014_Tot_O_D,2014_Euth_D,2014_DL_D,2014_T_D,2014_RH_D,2014_RTO_D,2014_Ad_D,2014_Tot_O_C,2014_Euth_C,2014_DL_C,2014_T_C,2014_RTO_C,2014_RH_C,2014_Ad_C
Alachua,5836,1457,48,1148,,571,2642,5325,2054,153,1198,88,,1844,5990,1353,35,1293,,748,2601,5731,2444,84,1206,152,,1869,5312,1186,48,1210,0,515,2388,4550,1769,113,1112,105,0,1478,4821,1060,32,1213,0,437,2114,4690,1213,72,1512,104,0,1812,4838,780,22,1256,,431,2381,4251,350,66,2005,156,,1696,5053,485,53,1377,,487,2687,4510,289,84,1982,68,,2104,5109,431,38,1007,,528,3140,4261,362,84,1326,122,,2386
Alameda,5969,1778,34,926,,936,2305,6832,1513,192,812,144,,4193,6488,1492,198,1215,,989,2608,7807,1428,327,1155,193,,4717,13117,3547,48,2113,0,2570,5114,15367,4993,222,2906,351,215,6954,12413,3477,43,2022,0,2471,4615,14489,4133,248,2784,352,539,6658,13249,3512,44,2440,0,2415,5057,14310,3675,135,3205,318,781,6379,13312,3068,15,2885,0,2315,5288,14976,3754,148,3254,318,948,6734,12331,2222,47,3117,0,2289,4842,13900,3032,145,3234,336,839,6475
Albemarle,,,,,,,,,,,,,,,,,,,,,,,,,,,,,1720,126,15,22,0,468,1090,2083,185,88,29,78,0,1703,1735,107,17,31,,519,1061,2057,137,91,12,58,,1759,1816,123,7,49,,552,1086,1897,110,69,39,68,,1611,1666,52,15,48,0,489,1062,1939,89,61,28,84,0,1677,1676,40,9,35,0,516,1076,1801,106,51,20,85,0,1539
Allen,5875,3080,30,192,,1630,1195,9159,7641,141,93,183,,1207,5688,2908,79,323,,1446,1209,8812,7374,144,174,175,,1115,5538,2666,91,292,0,1692,1111,8272,7116,134,93,172,0,1009,5986,2978,71,252,0,1856,1118,8116,6711,32,277,199,0,1096,5540,2300,83,434,0,1770,1259,7812,6031,70,282,246,0,1312,,,,,,,,,,,,,,,,,,,,,,,,,,,,
Arapahoe,40044,8118,171,1868,,9825,21023,31279,10470,471,1769,3579,,16168,33638,7381,111,1896,,9159,17283,28842,10252,487,1801,2667,,14791,,,,,,,,,,,,,,,,,,,,,,,,,,,,,,,,,,,,,,,,,,,,,,,,,,,,,,,,,,,,,,,,,,,,,,
Baldwin,5124,2525,84,556,,661,1299,4314,3067,90,287,36,,834,4248,2028,54,471,,533,1162,3861,2877,116,167,29,,672,3756,1621,55,539,0,538,1003,3647,2640,84,320,41,47,515,3284,1462,94,464,3,469,792,2748,1966,83,241,42,3,413,,,,,,,,,,,,,,,,,,,,,,,,,,,,,,,,,,,,,,,,,,
Bernalillo,,,,,,,,,,,,,,,,,,,,,,,,,,,,,17628,3996,74,222,0,3570,9769,12404,5668,149,149,495,0,5943,17634,3746,90,465,0,3402,9931,12410,3801,167,1566,360,0,6516,17912,3075,87,960,0,3326,10464,10353,1569,144,2176,319,0,6145,17589,2567,106,1142,0,3542,10232,8980,926,178,2155,352,1,5368,,,,,,,,,,,,,,
Bexar,34489,17769,598,3232,,2232,10952,14132,7367,403,1483,208,,4731,26087,13085,132,2221,,1847,9208,9501,4349,129,970,259,,3864,,,,,,,,,,,,,,,,,,,,,,,,,,,,,,,,,,,,,,,,,,,,,,,,,,,,,,,,,,,,,,,,,,,,,,
Calhoun,6996,4051,476,593,,739,1188,3046,2189,265,26,27,,622,1679,650,8,140,,433,479,1373,1006,37,39,16,,318,1844,785,14,130,0,384,568,1389,867,27,52,12,0,497,1640,759,42,108,0,397,378,1093,825,16,57,9,0,224,,,,,,,,,,,,,,,,,,,,,,,,,,,,,,,,,,,,,,,,,,
Campbell,,,,,,,,,,,,,,,,,,,,,,,,,,,,,1313,80,6,423,0,275,534,908,198,61,56,4,0,590,1453,65,10,505,0,281,592,1014,143,161,38,12,0,660,1385,90,10,450,0,229,608,1086,246,147,40,18,0,637,,,,,,,,,,,,,,,,,,,,,,,,,,,,
Charlottesville City,1812,135,11,95,,509,1062,2658,369,122,57,73,,2037,1855,159,12,30,,532,1122,2160,225,87,44,60,,1744,,,,,,,,,,,,,,,,,,,,,,,,,,,,,,,,,,,,,,,,,,,,,,,,,,,,,,,,,1417,375,1,227,0,589,225,1389,760,24,339,47,0,219
Chittenden,,,,,,,,,,,,,,,,,,,,,,,,,,,,,,,,,,,,,,,,,,,,,,,,,,,,,,,,,,,,,,,,,,,,,,,2671,208,5,66,0,464,1950,4596,672,93,77,134,1,3677,2821,187,17,140,0,418,2096,5198,565,110,158,176,0,4212
Contra Costa,9894,2948,44,993,,2717,3243,10389,4673,320,2114,223,,3085,9886,2610,55,1184,,2481,3609,10640,4623,246,2011,188,,3586,11728,3021,68,1479,0,2302,4934,14344,5044,302,2189,206,1422,5196,12955,3589,53,1754,0,2363,5278,15863,4640,323,1809,189,3615,5417,12458,3104,83,1837,0,2039,5553,15077,3227,253,1853,193,4421,5242,12433,2798,88,2327,1,1888,5497,13788,2698,358,1990,178,3261,5403,12264,2134,111,2458,1,1749,5957,14387,2439,330,2007,160,3266,6431
Cook,15983,7377,32,3495,,1084,5067,19339,11851,211,1875,105,,6318,16320,7544,52,4183,,1077,4933,18697,11145,305,2197,110,,6267,21539,8330,1551,3613,,2455,7634,24275,11495,3256,2524,298,,8436,23195,9617,1654,4585,0,2503,7706,24721,12455,2218,3452,272,4,8097,21419,9102,1667,3764,0,2484,7568,23271,10266,2586,2551,418,1,9017,,,,,,,,,,,,,,,,,,,,,,,,,,,,
Dade,,,,,,,,,,,,,,,,,,,,,,,,,,,,,21100,8527,207,3614,0,1544,8229,15469,11670,102,1134,66,0,2667,,,,,,,,,,,,,,,,,,,,,,,,,,,,,,,,,,,,,,,,,,,,,,,,,,,,,,,,
Dallas,29941,21309,484,1591,,2275,4502,11026,7502,277,744,119,,2456,29042,20555,250,1411,,2360,4676,10478,6956,158,689,207,,2526,23417,15364,352,2144,0,1595,4177,11585,7157,344,1355,145,0,2645,23318,14888,969,1841,0,1451,4298,9480,5739,361,816,135,12,2475,22970,12488,356,2204,0,1386,6902,10142,5314,307,1469,124,0,2991,23343,11915,185,2382,0,1523,8059,9758,4831,237,1310,117,0,3408,,,,,,,,,,,,,,
Dane,2244,265,12,105,,755,1186,4069,927,97,378,228,,2528,2181,268,2,121,,797,1069,3650,800,65,279,241,,2385,2139,373,4,80,0,739,1045,3793,871,70,250,235,0,2478,2179,418,11,106,0,746,1013,3739,762,51,292,262,0,2507,2057,352,6,84,0,740,996,3675,626,42,306,303,0,2547,1894,400,6,72,0,684,827,3990,611,30,376,291,0,2784,1747,320,1,90,0,668,750,4068,687,42,370,265,0,2779
Denver,,,,,,,,,,,,,,,,,,,,,,,,,,,,,31398,6051,172,1788,0,8712,16816,30245,8923,468,1867,2815,0,17237,,,,,,,,,,,,,,,,,,,,,,,,,,,,,,,,,,,,,,,,,,,,,,,,,,,,,,,,
Douglas,,,,,,,,,,,,,,,9974,3318,27,113,0,2930,3929,11512,6412,74,6,416,110,4652,8885,2089,39,99,0,2762,4216,9673,4356,90,4,395,57,4919,9107,1731,24,133,0,2896,4578,10125,4256,67,8,408,60,5475,8776,1481,31,90,0,2862,4578,9364,3742,52,16,419,149,5138,8394,1336,29,113,0,2759,4509,9229,3759,64,8,377,0,5220,,,,,,,,,,,,,,
Dubuque,1868,482,2,10,,403,1037,2887,1778,51,1,46,,1037,1868,396,5,23,,370,1107,2972,1982,85,3,72,,860,1824,332,12,16,0,381,1123,2545,1228,87,4,71,0,1170,,,,,,,,,,,,,,,,,,,,,,,,,,,,,,,,,,,,,,,,,,,,,,,,,,,,,,,,
Durham,,,,,,,,,,,,,,,3957,2686,34,92,0,452,782,3613,2097,73,26,41,539,867,3819,2470,30,105,0,461,819,3368,1744,30,72,47,649,839,3546,2194,27,107,0,426,890,3546,1939,33,48,38,715,800,3616,2042,27,118,0,582,958,4063,1776,47,51,59,1205,960,3398,1631,31,154,0,632,1029,4215,1791,101,47,78,1365,857,3135,1340,19,239,0,672,989,3892,1034,37,102,71,1743,940
Duval,13721,6560,240,1790,0,1060,4120,15011,9151,560,1014,176,1943,2179,13229,5707,63,2404,0,728,4403,14384,5466,113,1210,132,4918,2577,11900,4781,55,2134,0,608,4430,12341,3901,112,1340,90,4458,2475,11415,4134,60,1676,0,913,4756,12301,3447,107,1109,159,4567,2976,9550,2026,97,1724,0,976,4777,12793,2487,338,2044,214,3507,4221,,,,,,,,,,,,,,,,,,,,,,,,,,,,
Eagle,,,,,,,,,,,,,,,,,,,,,,,,,,,,,1892,40,10,74,0,859,913,1210,56,22,101,63,0,973,1975,43,11,73,0,890,973,1270,46,13,87,62,0,1067,2053,62,5,57,0,925,1024,1321,56,12,84,102,2,1075,,,,,,,,,,,,,,,,,,,,,,,,,,,,
East Baton Rouge,,,,,,,,,,,,,,,,,,,,,,,,,,,,,67847,43278,1455,4826,0,7097,13268,51985,44496,1466,1415,635,0,5531,,,,,,,,,,,,,,,,,,,,,,,,,,,,,,,,,,,,,,,,,,,,,,,,,,,,,,,,
Erie,6652,2599,44,392,,1187,3655,8717,3135,387,251,232,,5902,6560,2917,84,374,,1179,3199,10322,3017,556,484,254,,7060,6401,2890,46,282,0,1085,3363,9987,2896,398,471,231,0,7028,5924,2740,39,220,0,913,3201,9626,2619,320,777,519,7,6382,5490,2218,34,238,0,676,3460,9689,2089,278,862,348,1,7059,5088,1781,40,305,0,684,3276,9681,1723,313,1107,311,3,7003,4352,1700,26,331,0,518,2711,9109,1722,174,844,254,0,6886
Garfield,2116,48,14,146,,1038,883,1224,42,21,95,137,,935,1975,44,10,89,,906,939,1264,41,22,79,70,,1059,,,,,,,,,,,,,,,,,,,,,,,,,,,,,,,,,,,,,,,,,,,,,,,,,,,,,,,,,,,,,,,,,,,,,,
Grant,1716,201,64,237,,59,1155,655,23,48,85,3,,496,920,101,48,146,,89,536,925,337,114,204,2,,268,997,173,37,350,0,37,400,568,278,3,31,4,0,252,,,,,,,,,,,,,,,,,,,,,,,,,,,,,,,,,,,,,,,,,,,,,,,,,,,,,,,,
Harrison,58631,38596,825,2211,,3556,13695,35776,27647,509,845,305,,6556,57523,35164,874,2465,,3466,15746,33742,25759,553,752,296,,6502,,,,,,,,,,,,,,,,,,,,,,,,,,,,,,,,,,,,,,,,,,,,,,,,,,,,,,,,,,,,,,,,,,,,,,
Hillsborough,14957,6884,361,1855,,1639,4527,21476,16628,477,859,241,,3588,14254,6034,185,2234,,1396,4986,18439,13292,327,1062,219,,3910,13921,5812,140,2003,0,1227,5365,15745,11463,278,667,172,0,3680,14251,5604,94,2126,0,1226,5962,14031,9577,89,1035,147,0,3667,,,,,,,,,,,,,,,,,,,,,,,,,,,,,,,,,,,,,,,,,,
Hinds,,,,,,,,,,,,,,,,,,,,,,,,,,,,,51939,31140,810,2579,0,3568,14150,31767,23685,628,784,350,0,6409,,,,,,,,,,,,,,,,,,,,,,,,,,,,,,,,,,,,,,,,,,,,,,,,,,,,,,,,
Huntingdon,230,23,1,48,,28,130,562,208,15,106,7,,226,290,38,1,50,,50,152,1079,782,1,61,5,,231,,,,,,,,,,,,,,,,,,,,,,,,,,,,,,,,,,,,,,,,,,,,,,,,,,,,,,,,,,,,,,,,,,,,,,
King,4055,880,169,150,,987,2333,5551,1124,275,175,144,,4136,4451,868,12,285,,960,2628,6140,1025,70,255,171,,4910,4064,693,39,156,0,864,2612,5003,766,68,216,119,0,4179,4030,602,70,133,0,659,2842,5044,574,38,219,124,0,4349,3700,447,7,85,0,678,2721,5243,471,59,280,126,0,4505,4023,387,11,111,0,598,3158,5336,381,43,295,104,0,4711,,,,,,,,,,,,,,
Lee,,,,,,,,,,,,,,,,,,,,,,,,,,,,,,,,,,,,,,,,,,,,,,,,,,,,,,,,,,,,,,,,,,,,,,,5677,1797,0,523,0,848,2556,4851,2464,64,401,55,2,1925,6190,1572,67,641,0,1037,3141,5839,1799,174,901,101,813,2506
Loudon,2339,1323,13,428,,221,389,1858,1472,9,199,7,,179,2199,1347,5,316,,215,361,1851,1327,11,321,8,,202,1350,493,7,390,0,204,283,1184,728,5,311,4,0,145,1371,439,2,356,0,204,449,843,354,13,362,4,0,143,1454,283,2,178,,215,856,1008,444,4,188,6,,412,,,,,,,,,,,,,,,,,,,,,,,,,,,,
Lynchburg,1800,470,8,444,,386,492,1417,870,30,28,9,,480,1402,215,1,457,,233,496,1091,469,113,30,13,,466,,,,,,,,,,,,,,,,,,,,,,,,,,,,,,,,,,,,,,,,,,,,,,,,,,,,,,,,,,,,,,,,,,,,,,
Madison,7143,3888,52,267,,997,1939,4879,3277,61,103,134,,1304,7986,4409,62,455,,1044,2016,5193,3357,92,159,153,,1432,6821,3330,78,510,0,844,2059,4330,2435,48,244,39,105,1459,6653,2957,38,651,0,978,2029,3978,2372,90,305,72,1,1138,5884,2210,94,698,0,768,2136,3669,2024,71,262,61,1,1262,5905,1842,67,1049,9,842,2096,4002,1845,46,415,71,0,1625,,,,,,,,,,,,,,
Maricopa,61504,31500,330,5598,,6127,20426,37335,21491,382,3203,292,,12995,58362,27441,289,7724,,5363,20431,36349,19738,385,4225,309,,12831,60896,27695,316,8603,0,5423,21804,38228,22675,465,4093,324,0,11787,59615,26725,384,8310,0,5292,21811,33477,19726,271,3134,304,0,11074,59983,24040,499,10876,0,5235,22269,32120,18009,326,3081,359,0,11371,58297,17904,574,12299,0,5036,24978,33347,17748,430,3906,426,0,11739,54985,13831,476,11242,0,4967,27249,24385,10171,400,2865,319,4,11754
Marion,3209,1131,15,305,,100,2046,1833,637,12,145,24,,1265,2975,829,14,182,,139,2170,1831,522,39,105,10,,1399,2419,785,21,100,0,101,1679,1882,442,29,128,24,0,1377,1764,534,3,52,0,86,1276,1341,305,5,39,11,0,1085,1947,499,6,71,0,74,1520,1508,314,4,31,14,0,1245,2010,333,1,103,0,69,1655,1689,241,10,9,9,0,1490,1383,178,4,113,0,70,1114,1515,157,12,6,11,0,1365
Mendocino,295,0,0,11,,43,229,222,0,3,6,16,,181,287,9,1,2,,34,243,235,11,8,21,7,,188,288,17,1,2,0,49,225,252,54,2,3,7,0,190,,,,,,,,,,,,,,,,,,,,,,,,,,,,,,,,,,,,,,,,,,,,,,,,,,,,,,,,
Mesa,5653,1140,26,835,,1861,1834,5059,2082,64,847,85,,2000,5082,851,21,790,,1832,1677,4851,1912,107,861,83,,1934,4923,815,16,842,0,1780,1554,4769,2046,86,955,76,0,1645,4812,825,22,696,0,1840,1523,4104,1732,103,698,64,0,1540,3617,643,9,710,0,1191,1160,2484,939,28,485,27,0,1066,,,,,,,,,,,,,,,,,,,,,,,,,,,,
Miami-Dade,15896,10905,132,1614,,1302,6610,13015,12059,45,282,68,,2104,21973,9368,182,3874,,1459,8075,15668,12528,84,489,68,,2649,,,,,,,,,,,,,,,,,,,,,,,,,,,,,,,,,,,,,,,,,,,,,,,,,,,,,,,,,,,,,,,,,,,,,,
Mobile,12259,7431,201,1141,,627,3033,6931,4711,91,633,26,,1589,10888,5278,328,869,,661,3878,5724,3564,207,318,39,,1632,11252,5085,213,947,0,629,4519,6212,3755,177,413,49,0,1842,9572,4476,212,482,0,596,4046,4858,3329,93,213,28,1,1244,8638,3855,202,646,0,565,3519,5377,4130,207,244,38,4,840,8020,3356,298,1288,0,625,2628,3550,1924,363,478,42,0,811,7260,2507,196,1582,3,530,2570,2325,1140,263,291,16,4,663
Mohave,6758,3506,114,399,,1539,2059,6164,4514,155,166,169,,1413,6819,2654,64,1209,,1334,2335,5677,4055,64,454,99,,1341,6945,3335,45,659,0,1351,2433,5389,3952,23,330,37,30,1319,,,,,,,,,,,,,,,,,,,,,,,,,,,,,,,,,,,,,,,,,,,,,,,,,,,,,,,,
Monroe,6936,3205,96,1149,,306,2483,10049,5800,120,249,486,,4027,6433,2755,61,1766,,291,1882,10029,5810,110,331,315,,4194,6316,2301,53,2027,0,289,1954,9769,5197,106,472,341,0,4220,5724,2290,22,1476,0,301,1927,8724,4738,69,270,316,0,3901,5350,2389,18,1284,0,289,1686,9196,4744,73,520,587,0,3718,,,,,,,,,,,,,,,,,,,,,,,,,,,,
Monterey,6514,2184,28,1480,,1317,2059,7199,4367,74,748,218,,2349,6489,2150,35,1742,,1210,2018,6812,4337,59,653,112,,1975,6978,2485,20,1983,0,1094,1984,7287,4700,44,694,94,0,2109,,,,,,,,,,,,,,,,,,,,,,,,,,,,,,,,,,,,,,,,,,,,,,,,,,,,,,,,
Montgomery,7637,3855,71,415,,1494,2254,7730,4621,504,81,214,,2594,7355,3542,29,514,0,1381,2322,7666,4300,340,82,131,0,3086,7253,3392,20,683,0,1293,2237,7299,3614,306,82,141,119,3284,7705,3413,30,726,0,1203,2426,5893,2972,119,64,124,134,2527,7352,3283,121,1073,0,917,2158,5146,2237,131,169,97,135,2487,,,,,,,,,,,,,,,,,,,,,,,,,,,,
Moore,2264,1107,7,527,,218,405,1998,1580,40,225,20,,133,2387,1410,0,341,,195,441,2406,1998,0,171,14,,223,2341,1213,12,345,0,202,569,1932,1686,4,45,19,0,178,2206,1260,13,345,0,146,442,1701,1479,1,45,20,0,156,,,,,,,,,,,,,,,,,,,,,,,,,,,,,,,,,,,,,,,,,,
Multnomah,14812,3195,17,1774,,4345,6350,24440,10839,187,2159,629,,11585,14076,2781,46,1519,,4006,6809,23450,9906,170,1969,840,,11885,,,,,,,,,,,,,,,,,,,,,,,,,,,,,,,,,,,,,,,,,,,,,,,,,,,,,,,,,13660,1450,23,791,0,3905,8306,16188,1940,189,2117,594,172,11840
New York,19107,5143,715,4839,,1300,8201,41182,11937,1818,9248,378,,18392,18699,4692,165,5650,,1280,8062,44853,9331,1484,13617,660,,20421,17441,3904,144,5501,0,1212,8056,37270,8062,983,10349,531,0,18229,16974,3661,194,5294,0,1192,7956,32788,6949,756,9235,464,0,16231,15733,2959,113,5447,,1201,6933,30595,5672,607,8908,424,,15514,19510,2777,150,4884,0,1323,11158,39244,3927,925,10553,2312,2323,19656,23916,2641,173,4949,0,1558,15398,40546,4949,838,11625,459,1897,21281
Newport,,,,,,,,,,,,,,,,,,,,,,,,,,,,,3742,1079,17,93,0,1025,1528,4247,3046,62,11,56,0,1072,,,,,,,,,,,,,,,,,,,,,,,,,,,,,,,,,,,,,,,,,,,,,,,,,,,,,,,,
Newport News City,3929,1071,12,48,,1085,1713,4611,3139,75,23,170,,1205,3891,1281,5,35,,1040,1530,4300,3060,49,3,99,,1089,,,,,,,,,,,,,,,,,,,,,,,,,,,,,,,,,,,,,,,,,,,,,,,,,,,,,,,,,,,,,,,,,,,,,,
Oakland,4296,956,41,353,,1602,1370,5237,2224,145,660,210,,2012,3770,1141,9,110,,976,1680,4958,2365,165,435,73,,2006,,,,,,,,,,,,,,,,,,,,,,,,,,,,,,,,,,,,,,,,,,,,,,,,,,,,,,,,,,,,,,,,,,,,,,
Oconee,2969,1531,106,486,,205,641,2470,2166,55,67,11,,171,2778,1271,238,396,,177,696,2686,2273,106,39,9,,259,2753,822,101,924,0,210,696,2455,1812,61,258,14,0,310,2444,955,127,608,0,185,569,1951,1457,73,135,11,0,275,2600,979,72,902,0,233,414,1828,1273,41,162,17,0,335,,,,,,,,,,,,,,,,,,,,,,,,,,,,
Orleans,70707,44590,2992,3474,,7753,12639,49383,39843,1926,971,705,,6240,69691,44908,1563,3703,,7132,13149,49474,40685,1476,1404,525,,5620,,,,,,,,,,,,,,,,,,,,,,,,,,,,,,,,,,,,,,,,,,,,,,,,,,,,,,,,,,,,,,,,,,,,,,
Philadelphia,2186,569,68,216,,72,1406,2787,709,115,53,54,,1956,2974,818,267,423,,73,1460,4456,1135,302,20,34,,3005,9109,3439,49,3759,0,689,1173,18602,7280,706,6930,103,0,3583,,,,,,,,,,,,,,,,,,,,,,,,,,,,,,,,,,,,,,,,,,,,,,,,,,,,,,,,
Richmond,4352,914,19,655,,369,2396,3030,555,74,635,50,,1716,4019,900,15,543,,369,2199,3086,560,49,807,67,,1604,4155,779,27,755,0,437,2164,3382,481,102,844,83,0,1875,,,,,,,,,,,,,,,,,,,,,,,,,,,,,16103,2801,174,3321,0,3830,5986,11968,3814,460,2779,269,0,4647,,,,,,,,,,,,,,
Richmond City,,,,,,,,,,,,,,,,,,,,,,,,,,,,,,,,,,,,,,,,,,,,,,,,,,,,,,,,,,,,,,,,,,,,,,,,,,,,,,,,,,,,,13912,2118,114,2376,0,3263,6041,10280,2638,366,2162,227,0,4887
Rockingham,1463,564,4,111,,270,514,2300,1873,32,8,30,,357,1375,556,4,125,,318,443,2381,1980,62,40,61,,306,,,,,,,,,,,,,,,,,,,,,,,,,,,,,,,,,,,,,,,,,,,,,,,,,,,,,,,,,,,,,,,,,,,,,,
Rutherford,2636,1539,52,481,,189,379,1914,1562,33,124,21,,177,,,,,,,,,,,,,,,,,,,,,,,,,,,,,,,,,,,,,,,,,,,,,,,,,,,,,,,,,,,,,,,,,,,,,,,,,,,,,,,,,,,,
Salt Lake,42353,10902,473,4008,,14783,13810,44634,28941,1244,3300,1298,,10616,40255,9803,748,4198,,13470,13638,44068,28396,1425,3058,1276,,10640,40564,9195,384,5175,0,13776,13603,40374,23916,1396,3190,1222,0,11192,40435,7991,126,5008,,13786,13524,39637,22000,1482,3762,1119,,11274,38961,5824,123,4528,0,13785,14701,34288,15352,1316,4806,1165,0,11649,37783,3775,247,5343,0,13302,15116,31848,12871,1269,4374,1111,1464,12223,37817,2612,235,4819,0,13550,16601,32326,9543,1410,5966,1322,1632,14085
San Francisco,1439,538,7,534,,918,1647,3469,790,161,2238,227,,4138,1457,523,11,623,0,979,1684,4276,818,142,2122,257,935,3969,3989,650,4,632,0,961,1918,6927,710,134,2269,238,0,3696,5148,756,16,692,0,955,2882,6404,612,88,1787,210,4,3833,6363,702,15,745,0,1064,3958,7100,577,110,1667,234,110,4500,7995,512,27,1157,1,1161,5235,7022,535,105,1724,237,74,4443,7394,510,17,919,0,1056,4972,6637,438,71,1868,208,57,4077
San Joaquin,1422,174,8,255,,212,784,1997,1179,106,245,35,,440,1277,149,11,248,,201,676,1642,789,173,214,34,,436,1404,186,9,176,0,227,810,1735,960,149,250,18,0,361,,,,,,,,,,,,,,,,,,,,,,,,,,,,,,,,,,,,,,,,,,,,,,,,,,,,,,,,
Santa Clara,11359,4265,71,1664,,2865,3562,17867,10681,288,2348,469,,4688,10244,5613,46,1630,,2723,3362,17127,11133,280,1922,507,,4828,11001,3781,135,1758,0,2760,3826,18129,6993,558,4174,465,0,6635,11539,4098,39,2023,0,2639,3884,18252,5024,225,5148,413,2627,5515,11881,3530,47,2392,0,2586,4372,17287,3931,250,5219,407,2553,5506,10536,3020,51,2009,0,2693,3763,17092,3603,232,5525,339,2748,5140,10173,2706,64,1801,0,2686,4052,17662,2615,310,5838,351,3142,5906
Santa Fe,,,,,,,,,,,,,,,,,,,,,,,,,,,,,,,,,,,,,,,,,,,,,,,,,,,,,,,,,9630,1229,95,4794,0,1326,2415,4372,807,182,1017,142,483,1826,,,,,,,,,,,,,,,9184,903,49,4876,0,1214,2375,4275,462,132,972,114,683,1969
Sherwood,,,,,,,,,,,,,,,,,,,,,,,,,,,,,,,,,,,,,,,,,,,,,,,,,,,,,,,,,,,,,,,,,,,,,,,13739,1547,30,985,0,3806,8227,16123,2635,159,2672,379,38,10989,,,,,,,,,,,,,,
Sonoma,1950,123,2,72,,746,993,3215,490,78,123,261,,2233,2297,149,3,113,,885,1163,3524,570,44,336,241,,2346,2391,178,5,301,0,783,1172,3223,490,37,301,151,0,2286,,,,,,,,,,,,,,,,,,,,,,,,,,,,,,,,,,,,,,,,,,,,,,,,,,,,,,,,
Spokane,7921,2055,39,1139,,2135,3271,11029,6036,69,1612,204,,3609,7782,1605,26,1177,,2290,3223,11700,5763,139,1891,172,,4038,7604,1142,38,1299,0,2189,3425,11210,4521,105,2295,243,0,4341,,,,,,,,,,,,,,,,,,,,,,,,,,,,,,,,,,,,,,,,,,,,,,,,,,,,,,,,
St. Lucie,3114,1369,0,70,,549,1156,4679,3542,0,7,84,,1078,2847,1496,0,27,,549,812,4192,3542,0,63,84,,550,,,,,,,,,,,,,,,,,,,,,,,,,,,,,,,,,,,,,,,,,,,,,,,,,,,,,,,,,,,,,,,,,,,,,,
Tompkins,844,82,10,29,,339,395,1633,70,44,92,80,,1347,523,37,1,18,,147,326,1547,91,42,6,63,,1348,659,58,3,13,0,179,415,1590,109,26,0,59,0,1400,555,88,1,13,0,207,259,1552,155,29,0,66,0,1310,538,54,1,2,0,161,324,1294,99,20,0,44,0,1135,525,47,0,2,0,128,355,1270,112,21,0,70,0,1075,458,52,1,5,0,122,284,1388,102,16,29,80,0,1164
Travis,,,,,,,,,,,,,,,,,,,,,,,,,,,,,,,,,,,,,,,,,,,14728,1001,180,2303,0,2294,9010,15965,615,332,2196,328,5596,6922,15551,914,208,3094,0,2143,9242,20843,862,1040,4221,278,6017,8439,15678,792,162,3002,0,2593,9187,18892,666,331,3754,352,6009,7802,15989,596,184,2713,0,2573,9995,19680,567,385,3721,353,6703,7966
Tuscaloosa,5955,3118,121,906,,396,1414,4087,2683,83,722,39,,560,5702,3002,102,856,,435,1307,4403,3016,136,639,23,,589,4686,2989,72,389,0,429,807,3085,2327,41,236,14,0,467,,,,,,,,,,,,,,,,,,,,,,,,,,,,,,,,,,,,,,,,,,,,,,,,,,,,,,,,
Vigo,2038,124,59,829,,331,696,1179,14,77,671,33,,384,2116,113,54,822,,294,834,1452,18,145,903,17,,369,,,,,,,,,,,,,,,,,,,,,,,,,,,,,,,,,,,,,,,,,,,,,,,,,,,,,,,,,,,,,,,,,,,,,,
Washington,,,,,,,,,,,,,,,,,,,,,,,,,,,,,14804,2346,54,1196,0,4099,8163,22524,8131,315,1776,1110,0,12313,14486,2421,39,1438,0,3779,7897,19517,6535,169,1964,602,79,11335,14225,1945,29,1270,0,3897,8104,17616,4342,124,2182,607,33,11235,,,,,,,,,,,,,,,,,,,,,,,,,,,,
Washoe,10430,870,15,2389,,3207,4147,10384,1308,170,3330,416,,5235,10197,762,42,2145,,3197,4176,10594,616,217,3594,315,,5894,11224,762,31,2415,0,3815,4291,11136,477,182,3868,394,119,6121,11960,933,41,2592,0,4160,4333,10716,455,244,3754,449,249,5579,12672,826,47,2902,0,4601,4420,10079,391,188,3773,393,324,5042,12665,942,34,2718,0,4423,4700,10317,421,198,3819,365,383,5188,12897,828,49,2644,0,4805,4735,9047,441,185,2947,347,89,5101
Washtenaw,,,,,,,,,,,,,,,,,,,,,,,,,,,,,,,,,,,,,,,,,,,,,,,,,,,,,,,,,,,,,,,,,,,,,,,,,,,,,,,,,,,,,2320,555,10,12,0,563,1519,3160,604,46,71,234,0,2519
Wyandotte,4067,1522,150,415,,406,1574,2596,702,182,874,25,,813,4165,113,35,2100,,356,1563,2559,41,36,1392,9,,1084,4300,82,1,2366,0,294,1557,2248,79,32,890,4,0,1243,1659,68,0,1367,0,12,212,912,40,0,394,2,0,476,1965,195,0,1037,0,300,433,854,123,0,275,7,0,449,,,,,,,,,,,,,,,,,,,,,,,,,,,,
